user_id,lot_id,quantity
1,1,1000
1,2,1000
1,3,1011.000000
1,4,1000
2,1,990.000000
2,2,1000
2,3,1000
2,4,1000
